-- --------------------------------------------------------
-- Servidor:                     127.0.0.1
-- Versão do servidor:           5.7.38-log - MySQL Community Server (GPL)
-- OS do Servidor:               Win32
-- HeidiSQL Versão:              12.0.0.6468
-- --------------------------------------------------------

/*!40101 SET @OLD_CHARACTER_SET_CLIENT=@@CHARACTER_SET_CLIENT */;
/*!40101 SET NAMES utf8 */;
/*!50503 SET NAMES utf8mb4 */;
/*!40103 SET @OLD_TIME_ZONE=@@TIME_ZONE */;
/*!40103 SET TIME_ZONE='+00:00' */;
/*!40014 SET @OLD_FOREIGN_KEY_CHECKS=@@FOREIGN_KEY_CHECKS, FOREIGN_KEY_CHECKS=0 */;
/*!40101 SET @OLD_SQL_MODE=@@SQL_MODE, SQL_MODE='NO_AUTO_VALUE_ON_ZERO' */;
/*!40111 SET @OLD_SQL_NOTES=@@SQL_NOTES, SQL_NOTES=0 */;


-- Copiando estrutura do banco de dados para wk
CREATE DATABASE IF NOT EXISTS `wk` /*!40100 DEFAULT CHARACTER SET latin1 */;
USE `wk`;

-- Copiando estrutura para tabela wk.cliente
CREATE TABLE IF NOT EXISTS `cliente` (
  `ID_CLIENTE` int(11) NOT NULL AUTO_INCREMENT,
  `NOME_CLIENTE` varchar(255) CHARACTER SET latin1 NOT NULL DEFAULT '',
  `CIDADE_CLIENTE` varchar(50) CHARACTER SET latin1 NOT NULL DEFAULT '',
  `UF_CLIENTE` char(2) CHARACTER SET latin1 NOT NULL DEFAULT '',
  PRIMARY KEY (`ID_CLIENTE`)
) ENGINE=MyISAM AUTO_INCREMENT=22 DEFAULT CHARSET=utf8 COLLATE=utf8_bin;

-- Copiando dados para a tabela wk.cliente: 21 rows
/*!40000 ALTER TABLE `cliente` DISABLE KEYS */;
INSERT INTO `cliente` (`ID_CLIENTE`, `NOME_CLIENTE`, `CIDADE_CLIENTE`, `UF_CLIENTE`) VALUES
	(1, 'JOSE SILVA', 'PONTA GROSSA', 'PR');
INSERT INTO `cliente` (`ID_CLIENTE`, `NOME_CLIENTE`, `CIDADE_CLIENTE`, `UF_CLIENTE`) VALUES
	(2, 'RENAN PINHEIRO', 'PONTA GROSSA', 'PR');
INSERT INTO `cliente` (`ID_CLIENTE`, `NOME_CLIENTE`, `CIDADE_CLIENTE`, `UF_CLIENTE`) VALUES
	(3, 'GUSTAVO AUGUSTO', 'PONTA GROSSA', 'PR');
INSERT INTO `cliente` (`ID_CLIENTE`, `NOME_CLIENTE`, `CIDADE_CLIENTE`, `UF_CLIENTE`) VALUES
	(4, 'LUIZ RICARDO', 'PONTA GROSSA', 'PR');
INSERT INTO `cliente` (`ID_CLIENTE`, `NOME_CLIENTE`, `CIDADE_CLIENTE`, `UF_CLIENTE`) VALUES
	(5, 'CLEVERSON ROBERTO', 'PONTA GROSSA', 'PR');
INSERT INTO `cliente` (`ID_CLIENTE`, `NOME_CLIENTE`, `CIDADE_CLIENTE`, `UF_CLIENTE`) VALUES
	(6, 'ALINE LIMA', 'PONTA GROSSA', 'PR');
INSERT INTO `cliente` (`ID_CLIENTE`, `NOME_CLIENTE`, `CIDADE_CLIENTE`, `UF_CLIENTE`) VALUES
	(7, 'SOPHIA LISBOA', 'PONTA GROSSA', 'PR');
INSERT INTO `cliente` (`ID_CLIENTE`, `NOME_CLIENTE`, `CIDADE_CLIENTE`, `UF_CLIENTE`) VALUES
	(8, 'CECILIA DALPIZZOL', 'PONTA GROSSA', 'PR');
INSERT INTO `cliente` (`ID_CLIENTE`, `NOME_CLIENTE`, `CIDADE_CLIENTE`, `UF_CLIENTE`) VALUES
	(9, 'GUSTAVO DALPIZZOL', 'PONTA GROSSA', 'PR');
INSERT INTO `cliente` (`ID_CLIENTE`, `NOME_CLIENTE`, `CIDADE_CLIENTE`, `UF_CLIENTE`) VALUES
	(10, 'ADEMIR APARECIDO DE ALVARENGA', 'CURITIBA', 'PR');
INSERT INTO `cliente` (`ID_CLIENTE`, `NOME_CLIENTE`, `CIDADE_CLIENTE`, `UF_CLIENTE`) VALUES
	(11, 'ALEXSANDRA DOS SANTOS', 'CURITIBA', 'PR');
INSERT INTO `cliente` (`ID_CLIENTE`, `NOME_CLIENTE`, `CIDADE_CLIENTE`, `UF_CLIENTE`) VALUES
	(12, 'JONATHAN ANTUNES TEIXEIRA ', 'CURITIBA', 'PR');
INSERT INTO `cliente` (`ID_CLIENTE`, `NOME_CLIENTE`, `CIDADE_CLIENTE`, `UF_CLIENTE`) VALUES
	(13, 'JOSIANE REGINA ZUANON', 'CURITIBA', 'PR');
INSERT INTO `cliente` (`ID_CLIENTE`, `NOME_CLIENTE`, `CIDADE_CLIENTE`, `UF_CLIENTE`) VALUES
	(14, 'LETÍCIA MOREIRA RIBEIRO', 'SAO PAULO', 'SP');
INSERT INTO `cliente` (`ID_CLIENTE`, `NOME_CLIENTE`, `CIDADE_CLIENTE`, `UF_CLIENTE`) VALUES
	(15, 'MARIANA VAZ SILVA', 'SAO PAULO', 'SP');
INSERT INTO `cliente` (`ID_CLIENTE`, `NOME_CLIENTE`, `CIDADE_CLIENTE`, `UF_CLIENTE`) VALUES
	(16, 'ROGER EUGENIO DA LUZ', 'SAO PAULO', 'SP');
INSERT INTO `cliente` (`ID_CLIENTE`, `NOME_CLIENTE`, `CIDADE_CLIENTE`, `UF_CLIENTE`) VALUES
	(17, 'TALITA MOREIRA', 'SAO PAULO', 'SP');
INSERT INTO `cliente` (`ID_CLIENTE`, `NOME_CLIENTE`, `CIDADE_CLIENTE`, `UF_CLIENTE`) VALUES
	(18, 'TARSILLA FERNANDES SILVA VASCONCELOS ', 'SAO PAULO', 'SP');
INSERT INTO `cliente` (`ID_CLIENTE`, `NOME_CLIENTE`, `CIDADE_CLIENTE`, `UF_CLIENTE`) VALUES
	(19, 'WESLEY RIBEIRO DA SILVA', 'SAO PAULO', 'SP');
INSERT INTO `cliente` (`ID_CLIENTE`, `NOME_CLIENTE`, `CIDADE_CLIENTE`, `UF_CLIENTE`) VALUES
	(20, 'VANESSA CRISTINA LOURENÇO YASUHARA', 'SAO PAULO', 'SP');
INSERT INTO `cliente` (`ID_CLIENTE`, `NOME_CLIENTE`, `CIDADE_CLIENTE`, `UF_CLIENTE`) VALUES
	(21, 'VANESSA VERONICA VAZ ', 'SAO PAULO', 'SP');
/*!40000 ALTER TABLE `cliente` ENABLE KEYS */;

-- Copiando estrutura para tabela wk.pedido
CREATE TABLE IF NOT EXISTS `pedido` (
  `ID_PEDIDO` int(11) NOT NULL AUTO_INCREMENT,
  `ID_CLIENTE` int(11) NOT NULL DEFAULT '0',
  `PEDIDO_VALOR` double(14,2) NOT NULL DEFAULT '0.00',
  `DATA_EMISSAO` date DEFAULT NULL,
  PRIMARY KEY (`ID_PEDIDO`) USING BTREE
) ENGINE=InnoDB AUTO_INCREMENT=5 DEFAULT CHARSET=utf8 COLLATE=utf8_bin;

-- Copiando dados para a tabela wk.pedido: ~2 rows (aproximadamente)
INSERT INTO `pedido` (`ID_PEDIDO`, `ID_CLIENTE`, `PEDIDO_VALOR`, `DATA_EMISSAO`) VALUES
	(1, 1, 6.00, '2022-06-02');
INSERT INTO `pedido` (`ID_PEDIDO`, `ID_CLIENTE`, `PEDIDO_VALOR`, `DATA_EMISSAO`) VALUES
	(2, 3, 0.00, NULL);
INSERT INTO `pedido` (`ID_PEDIDO`, `ID_CLIENTE`, `PEDIDO_VALOR`, `DATA_EMISSAO`) VALUES
	(3, 4, 0.00, NULL);
INSERT INTO `pedido` (`ID_PEDIDO`, `ID_CLIENTE`, `PEDIDO_VALOR`, `DATA_EMISSAO`) VALUES
	(4, 4, 0.00, NULL);

-- Copiando estrutura para tabela wk.pedido_item
CREATE TABLE IF NOT EXISTS `pedido_item` (
  `ITEM` int(11) NOT NULL DEFAULT '0',
  `ID_PEDIDO` int(11) NOT NULL AUTO_INCREMENT,
  `COD_PRODUTO` int(11) NOT NULL DEFAULT '0',
  `QUANTIDADE` double(14,2) NOT NULL DEFAULT '0.00',
  `VALOR_UNITARIO` double(14,2) NOT NULL DEFAULT '0.00',
  `VALOR_TOTAL` double(14,2) NOT NULL DEFAULT '0.00',
  PRIMARY KEY (`ID_PEDIDO`,`ITEM`)
) ENGINE=InnoDB AUTO_INCREMENT=6 DEFAULT CHARSET=utf8 COLLATE=utf8_bin;

-- Copiando dados para a tabela wk.pedido_item: ~0 rows (aproximadamente)
INSERT INTO `pedido_item` (`ITEM`, `ID_PEDIDO`, `COD_PRODUTO`, `QUANTIDADE`, `VALOR_UNITARIO`, `VALOR_TOTAL`) VALUES
	(1, 1, 3, 2.00, 3.00, 6.00);
INSERT INTO `pedido_item` (`ITEM`, `ID_PEDIDO`, `COD_PRODUTO`, `QUANTIDADE`, `VALOR_UNITARIO`, `VALOR_TOTAL`) VALUES
	(0, 2, 4, 5.00, 2.92, 14.60);
INSERT INTO `pedido_item` (`ITEM`, `ID_PEDIDO`, `COD_PRODUTO`, `QUANTIDADE`, `VALOR_UNITARIO`, `VALOR_TOTAL`) VALUES
	(0, 3, 5, 34.00, 2.12, 72.08);
INSERT INTO `pedido_item` (`ITEM`, `ID_PEDIDO`, `COD_PRODUTO`, `QUANTIDADE`, `VALOR_UNITARIO`, `VALOR_TOTAL`) VALUES
	(0, 4, 3, 4.00, 4.15, 16.60);
INSERT INTO `pedido_item` (`ITEM`, `ID_PEDIDO`, `COD_PRODUTO`, `QUANTIDADE`, `VALOR_UNITARIO`, `VALOR_TOTAL`) VALUES
	(0, 5, 1, 1.00, 6.31, 6.31);

-- Copiando estrutura para tabela wk.produto
CREATE TABLE IF NOT EXISTS `produto` (
  `ID_PRODUTO` int(11) NOT NULL AUTO_INCREMENT,
  `DESCRICAO` varchar(255) COLLATE utf8_bin NOT NULL DEFAULT '',
  `PR_VENDA` double(14,2) NOT NULL DEFAULT '0.00',
  PRIMARY KEY (`ID_PRODUTO`)
) ENGINE=InnoDB AUTO_INCREMENT=21 DEFAULT CHARSET=utf8 COLLATE=utf8_bin;

-- Copiando dados para a tabela wk.produto: ~20 rows (aproximadamente)
INSERT INTO `produto` (`ID_PRODUTO`, `DESCRICAO`, `PR_VENDA`) VALUES
	(1, 'NESCAU', 6.31);
INSERT INTO `produto` (`ID_PRODUTO`, `DESCRICAO`, `PR_VENDA`) VALUES
	(2, 'OVO', 2.62);
INSERT INTO `produto` (`ID_PRODUTO`, `DESCRICAO`, `PR_VENDA`) VALUES
	(3, 'MIOJO', 4.15);
INSERT INTO `produto` (`ID_PRODUTO`, `DESCRICAO`, `PR_VENDA`) VALUES
	(4, 'PAO', 2.92);
INSERT INTO `produto` (`ID_PRODUTO`, `DESCRICAO`, `PR_VENDA`) VALUES
	(5, 'BARRACA', 2.12);
INSERT INTO `produto` (`ID_PRODUTO`, `DESCRICAO`, `PR_VENDA`) VALUES
	(6, 'MONITOR', 1.85);
INSERT INTO `produto` (`ID_PRODUTO`, `DESCRICAO`, `PR_VENDA`) VALUES
	(7, 'TV', 2.88);
INSERT INTO `produto` (`ID_PRODUTO`, `DESCRICAO`, `PR_VENDA`) VALUES
	(8, 'COMPUTADOR', 8.88);
INSERT INTO `produto` (`ID_PRODUTO`, `DESCRICAO`, `PR_VENDA`) VALUES
	(9, 'CELULAR', 5.72);
INSERT INTO `produto` (`ID_PRODUTO`, `DESCRICAO`, `PR_VENDA`) VALUES
	(10, 'DEMOGORGON', 1.99);
INSERT INTO `produto` (`ID_PRODUTO`, `DESCRICAO`, `PR_VENDA`) VALUES
	(11, 'ELEVEN', 11.00);
INSERT INTO `produto` (`ID_PRODUTO`, `DESCRICAO`, `PR_VENDA`) VALUES
	(12, 'WILL', 2.79);
INSERT INTO `produto` (`ID_PRODUTO`, `DESCRICAO`, `PR_VENDA`) VALUES
	(13, 'MAGIC', 7.99);
INSERT INTO `produto` (`ID_PRODUTO`, `DESCRICAO`, `PR_VENDA`) VALUES
	(14, 'PLAYSTATION', 1.54);
INSERT INTO `produto` (`ID_PRODUTO`, `DESCRICAO`, `PR_VENDA`) VALUES
	(15, 'SACOLA', 3.77);
INSERT INTO `produto` (`ID_PRODUTO`, `DESCRICAO`, `PR_VENDA`) VALUES
	(16, 'TECLADO', 4.22);
INSERT INTO `produto` (`ID_PRODUTO`, `DESCRICAO`, `PR_VENDA`) VALUES
	(17, 'X-CAIXA', 9.80);
INSERT INTO `produto` (`ID_PRODUTO`, `DESCRICAO`, `PR_VENDA`) VALUES
	(18, 'X-SALADA', 6.34);
INSERT INTO `produto` (`ID_PRODUTO`, `DESCRICAO`, `PR_VENDA`) VALUES
	(19, 'SUPER NINTENDO', 2.29);
INSERT INTO `produto` (`ID_PRODUTO`, `DESCRICAO`, `PR_VENDA`) VALUES
	(20, 'PARACETAMOL', 2.44);

/*!40103 SET TIME_ZONE=IFNULL(@OLD_TIME_ZONE, 'system') */;
/*!40101 SET SQL_MODE=IFNULL(@OLD_SQL_MODE, '') */;
/*!40014 SET FOREIGN_KEY_CHECKS=IFNULL(@OLD_FOREIGN_KEY_CHECKS, 1) */;
/*!40101 SET CHARACTER_SET_CLIENT=@OLD_CHARACTER_SET_CLIENT */;
/*!40111 SET SQL_NOTES=IFNULL(@OLD_SQL_NOTES, 1) */;
